15.740617,0.003000,0.003000,0.000100,48.980000,-0.517867,0.000000,false
15.759914,0.003000,0.003000,0.000100,47.889999,-0.509211,0.000000,false
15.779393,0.003000,0.003000,0.000100,45.820000,-0.505950,0.000000,false
15.799798,0.003000,0.003000,0.000100,44.750000,-0.510425,0.000000,false
15.820333,0.003000,0.003000,0.000100,43.730000,-0.510239,0.000000,false
15.839677,0.003000,0.003000,0.000100,42.689999,-0.509580,0.000000,false
15.859564,0.003000,0.003000,0.000100,41.660000,-0.509040,0.000000,false
15.879733,0.003000,0.003000,0.000100,40.660000,-0.508629,0.000000,false
15.899394,0.003000,0.003000,0.000100,37.689999,-0.492131,0.000000,false
15.919561,0.003000,0.003000,0.000100,36.700001,-0.501263,0.000000,false
15.939519,0.003000,0.003000,0.000100,35.740002,-0.500677,0.000000,false
15.960598,0.003000,0.003000,0.000100,34.779999,-0.499884,0.000000,false
15.980023,0.003000,0.003000,0.000100,32.910000,-0.491699,0.000000,false
16.000574,0.003000,0.003000,0.000100,31.990000,-0.495608,0.000000,false
16.019601,0.003000,0.003000,0.000100,31.070000,-0.494712,0.000000,false
16.040702,0.003000,0.003000,0.000100,29.270000,-0.486668,0.000000,false
16.060950,0.003000,0.003000,0.000100,28.389999,-0.490332,0.000000,false
16.079720,0.003000,0.003000,0.000100,26.650000,-0.482411,0.000000,false
16.100356,0.003000,0.003000,0.000100,25.799999,-0.485859,0.000000,false
16.120093,0.003000,0.003000,0.000100,24.969999,-0.484967,0.000000,false
16.140047,0.003000,0.003000,0.000100,24.139999,-0.483925,0.000000,false
16.159550,0.003000,0.003000,0.000100,23.330000,-0.482995,0.000000,false
16.179630,0.003000,0.003000,0.000100,20.959999,-0.469343,0.000000,false
16.199630,0.003000,0.003000,0.000100,20.200001,-0.476325,0.000000,false
16.219647,0.003000,0.003000,0.000100,19.440001,-0.475211,0.000000,false
16.239512,0.003000,0.003000,0.000100,18.709999,-0.474294,0.000000,false
16.259659,0.003000,0.003000,0.000100,18.000000,-0.473344,0.000000,false
16.279586,0.003000,0.003000,0.000100,17.290001,-0.472251,0.000000,false
16.299542,0.003000,0.003000,0.000100,15.910000,-0.465716,0.000000,false
16.319823,0.003000,0.003000,0.000100,14.590000,-0.462931,0.000000,false
16.339843,0.003000,0.003000,0.000100,13.920000,-0.465006,0.000000,false
16.360754,0.003000,0.003000,0.000100,13.300000,-0.464194,0.000000,false
16.380643,0.003000,0.003000,0.000100,12.680000,-0.463095,0.000000,false
16.399359,0.003000,0.003000,0.000100,11.520000,-0.457606,0.000000,false
16.419632,0.003000,0.003000,0.000100,10.960000,-0.459584,0.000000,false
16.439835,0.003000,0.003000,0.000100,9.870000,-0.458609,0.000000,false
16.459574,0.003000,0.003000,0.000100,9.350000,-0.453440,0.000000,false
16.480417,0.003000,0.003000,0.000100,8.840000,-0.455190,0.000000,false
16.499494,0.003000,0.003000,0.000100,7.850000,-0.450291,0.000000,false
16.520483,0.003000,0.003000,0.000100,7.360000,-0.451763,0.000000,false
16.540566,0.003000,0.003000,0.000100,6.880000,-0.450785,0.000000,false
16.559700,0.003000,0.003000,0.000100,6.420000,-0.449891,0.000000,false
16.579787,0.003000,0.003000,0.000100,5.510000,-0.445241,0.000000,false
16.599535,0.003000,0.003000,0.000100,5.080000,-0.446656,0.000000,false
16.620805,0.003000,0.003000,0.000100,4.210000,-0.442099,0.000000,false
16.640694,0.003000,0.003000,0.000100,3.780000,-0.443235,0.000000,false
16.660203,0.003000,0.003000,0.000100,3.350000,-0.442146,0.000000,false
16.679593,0.003000,0.003000,0.000100,2.950000,-0.441273,0.000000,false
16.699860,0.003000,0.003000,0.000100,2.540000,-0.440146,0.000000,false
16.719450,0.003000,0.003000,0.000100,1.410000,-0.433240,0.000000,false
16.739500,0.003000,0.003000,0.000100,1.060000,-0.436154,0.000000,false
16.759719,0.003000,0.003000,0.000100,0.710000,-0.435147,0.000000,false
16.779375,0.003000,0.003000,0.000100,0.380000,-0.434279,0.000000,false
16.799449,0.003000,0.003000,0.000100,0.080000,-0.433534,0.000000,false
16.820425,0.003000,0.003000,0.000100,-0.190000,-0.432863,0.000000,false
16.839670,0.003000,0.003000,0.000100,-0.730000,-0.429849,0.000000,false
16.859822,0.003000,0.003000,0.000100,-1.220000,-0.428556,0.000000,false
16.879560,0.003000,0.003000,0.000100,-1.450000,-0.429079,0.000000,false
16.899570,0.003000,0.003000,0.000100,-1.670000,-0.428369,0.000000,false
16.920220,0.003000,0.003000,0.000100,-1.870000,-0.427756,0.000000,false
16.939591,0.003000,0.003000,0.000100,-2.260000,-0.425501,0.000000,false
16.960371,0.003000,0.003000,0.000100,-2.430000,-0.425945,0.000000,false
16.979776,0.003000,0.003000,0.000100,-2.600000,-0.425279,0.000000,false
17.000224,0.003000,0.003000,0.000100,-2.920000,-0.423394,0.000000,false
17.019876,0.003000,0.003000,0.000100,-3.070000,-0.423610,0.000000,false
17.040099,0.003000,0.003000,0.000100,-3.290000,-0.422402,0.000000,false
17.059452,0.003000,0.003000,0.000100,-3.410000,-0.422338,0.000000,false
17.079375,0.003000,0.003000,0.000100,-3.520000,-0.421846,0.000000,false
17.100707,0.003000,0.003000,0.000100,-3.640000,-0.421218,0.000000,false
17.120000,0.003000,0.003000,0.000100,-3.870000,-0.420713,0.000000,false
17.140539,0.003000,0.003000,0.000100,-4.080000,-0.418378,0.000000,false
17.159951,0.003000,0.003000,0.000100,-4.180000,-0.418977,0.000000,false
17.179916,0.003000,0.003000,0.000100,-4.290000,-0.418340,0.000000,false
17.199369,0.003000,0.003000,0.000100,-4.380000,-0.417907,0.000000,false
17.220428,0.003000,0.003000,0.000100,-4.470000,-0.417369,0.000000,false
17.240183,0.003000,0.003000,0.000100,-4.570000,-0.416745,0.000000,false
17.261041,0.003000,0.003000,0.000100,-4.790000,-0.415197,0.000000,false
17.280400,0.003000,0.003000,0.000100,-4.870000,-0.415365,0.000000,false
17.300458,0.003000,0.003000,0.000100,-4.920000,-0.415070,0.000000,false
17.319541,0.003000,0.003000,0.000100,-4.990000,-0.414461,0.000000,false
17.339634,0.003000,0.003000,0.000100,-5.050000,-0.414028,0.000000,false
17.359514,0.003000,0.003000,0.000100,-5.090000,-0.413702,0.000000,false
17.379504,0.003000,0.003000,0.000100,-5.130000,-0.413274,0.000000,false
17.399493,0.003000,0.003000,0.000100,-5.200000,-0.412602,0.000000,false
17.420466,0.003000,0.003000,0.000100,-5.230000,-0.412399,0.000000,false
17.440189,0.003000,0.003000,0.000100,-5.250000,-0.412074,0.000000,false
17.459569,0.003000,0.003000,0.000100,-5.290000,-0.411536,0.000000,false
17.479534,0.003000,0.003000,0.000100,-5.340000,-0.411016,0.000000,false
17.499471,0.003000,0.003000,0.000100,-5.370000,-0.410704,0.000000,false
17.520449,0.003000,0.003000,0.000100,-5.430000,-0.410048,0.000000,false
17.539583,0.003000,0.003000,0.000100,-5.440000,-0.409941,0.000000,false
17.560730,0.003000,0.003000,0.000100,-5.430000,-0.409746,0.000000,false
17.580861,0.003000,0.003000,0.000100,-5.440000,-0.409289,0.000000,false
17.599517,0.003000,0.003000,0.000100,-5.440000,-0.409013,0.000000,false
17.619995,0.003000,0.003000,0.000100,-5.450000,-0.408606,0.000000,false
17.639988,0.003000,0.003000,0.000100,-5.450000,-0.408329,0.000000,false
17.659545,0.003000,0.003000,0.000100,-5.440000,-0.408082,0.000000,false
17.679734,0.003000,0.003000,0.000100,-5.440000,-0.407706,0.000000,false
17.699554,0.003000,0.003000,0.000100,-5.440000,-0.407380,0.000000,false
17.719416,0.003000,0.003000,0.000100,-5.440000,-0.407053,0.000000,false
17.739538,0.003000,0.003000,0.000100,-5.440000,-0.406727,0.000000,false
17.759569,0.003000,0.003000,0.000100,-5.440000,-0.406400,0.000000,false
17.779514,0.003000,0.003000,0.000100,-5.450000,-0.405993,0.000000,false
17.800366,0.003000,0.003000,0.000100,-5.450000,-0.405716,0.000000,false
17.819595,0.003000,0.003000,0.000100,-5.450000,-0.405389,0.000000,false
17.839515,0.003000,0.003000,0.000100,-5.450000,-0.405062,0.000000,false
17.860526,0.003000,0.003000,0.000100,-5.450000,-0.404735,0.000000,false
17.880069,0.003000,0.003000,0.000100,-5.450000,-0.404408,0.000000,false
17.899600,0.003000,0.003000,0.000100,-5.450000,-0.404081,0.000000,false
17.919547,0.003000,0.003000,0.000100,-5.450000,-0.403754,0.000000,false
17.940778,0.003000,0.003000,0.000100,-5.450000,-0.403427,0.000000,false
17.959771,0.003000,0.003000,0.000100,-5.450000,-0.403100,0.000000,false
17.979353,0.003000,0.003000,0.000100,-5.450000,-0.402773,0.000000,false
17.999885,0.003000,0.003000,0.000100,-5.450000,-0.402446,0.000000,false
18.019541,0.003000,0.003000,0.000100,-5.450000,-0.402119,0.000000,false
18.039349,0.003000,0.003000,0.000100,-5.450000,-0.401792,0.000000,false
18.059532,0.003000,0.003000,0.000100,-5.450000,-0.401465,0.000000,false
18.080352,0.003000,0.003000,0.000100,-5.450000,-0.401138,0.000000,false
18.099654,0.003000,0.003000,0.000100,-5.450000,-0.400811,0.000000,false
18.119538,0.003000,0.003000,0.000100,-5.450000,-0.400484,0.000000,false
18.140134,0.003000,0.003000,0.000100,-5.450000,-0.400157,0.000000,false
18.160479,0.003000,0.003000,0.000100,-5.450000,-0.399830,0.000000,false
18.179693,0.003000,0.003000,0.000100,-5.450000,-0.399503,0.000000,false
18.199652,0.003000,0.003000,0.000100,-5.450000,-0.399176,0.000000,false
18.219541,0.003000,0.003000,0.000100,-5.450000,-0.398849,0.000000,false
18.240784,0.003000,0.003000,0.000100,-5.450000,-0.398522,0.000000,false
18.259537,0.003000,0.003000,0.000100,-5.450000,-0.398195,0.000000,false
18.279577,0.003000,0.003000,0.000100,-5.450000,-0.397868,0.000000,false
18.300588,0.003000,0.003000,0.000100,-5.450000,-0.397541,0.000000,false
18.319356,0.003000,0.003000,0.000100,-5.450000,-0.397214,0.000000,false
18.340937,0.003000,0.003000,0.000100,-5.440000,-0.396968,0.000000,false
18.359609,0.003000,0.003000,0.000100,-5.440000,-0.396592,0.000000,false
18.380690,0.003000,0.003000,0.000100,-5.440000,-0.396265,0.000000,false
18.399696,0.003000,0.003000,0.000100,-5.440000,-0.395939,0.000000,false
18.419508,0.003000,0.003000,0.000100,-5.450000,-0.395532,0.000000,false
18.440046,0.003000,0.003000,0.000100,-5.450000,-0.395255,0.000000,false
18.460328,0.003000,0.003000,0.000100,-5.450000,-0.394928,0.000000,false
18.479374,0.003000,0.003000,0.000100,-5.450000,-0.394601,0.000000,false
18.499515,0.003000,0.003000,0.000100,-5.450000,-0.394274,0.000000,false
18.519588,0.003000,0.003000,0.000100,-5.450000,-0.393947,0.000000,false
18.539564,0.003000,0.003000,0.000100,-5.450000,-0.393620,0.000000,false
18.559539,0.003000,0.003000,0.000100,-5.450000,-0.393293,0.000000,false
18.579566,0.003000,0.003000,0.000100,-5.450000,-0.392966,0.000000,false
18.599650,0.003000,0.003000,0.000100,-5.450000,-0.392639,0.000000,false
18.619550,0.003000,0.003000,0.000100,-5.450000,-0.392312,0.000000,false
18.639435,0.003000,0.003000,0.000100,-5.450000,-0.391985,0.000000,false
18.660311,0.003000,0.003000,0.000100,-5.450000,-0.391658,0.000000,false
18.679835,0.003000,0.003000,0.000100,-5.450000,-0.391331,0.000000,false
18.700404,0.003000,0.003000,0.000100,-5.450000,-0.391004,0.000000,false
18.719846,0.003000,0.003000,0.000100,-5.450000,-0.390677,0.000000,false
18.739597,0.003000,0.003000,0.000100,-5.450000,-0.390350,0.000000,false
18.759839,0.003000,0.003000,0.000100,-5.440000,-0.390103,0.000000,false
18.779606,0.003000,0.003000,0.000100,-5.440000,-0.389727,0.000000,false
18.799479,0.003000,0.003000,0.000100,-5.440000,-0.389401,0.000000,false
18.820627,0.003000,0.003000,0.000100,-5.440000,-0.389074,0.000000,false
18.840930,0.003000,0.003000,0.000100,-5.440000,-0.388748,0.000000,false
18.859617,0.003000,0.003000,0.000100,-5.440000,-0.388421,0.000000,false
18.879346,0.003000,0.003000,0.000100,-5.440000,-0.388095,0.000000,false
18.899560,0.003000,0.003000,0.000100,-5.440000,-0.387769,0.000000,false
18.919405,0.003000,0.003000,0.000100,-5.440000,-0.387442,0.000000,false
18.939567,0.003000,0.003000,0.000100,-5.450000,-0.387035,0.000000,false
18.959373,0.003000,0.003000,0.000100,-5.450000,-0.386758,0.000000,false
18.979607,0.003000,0.003000,0.000100,-5.450000,-0.386431,0.000000,false
18.999424,0.003000,0.003000,0.000100,-5.450000,-0.386104,0.000000,false
19.020245,0.003000,0.003000,0.000100,-5.450000,-0.385777,0.000000,false
19.040103,0.003000,0.003000,0.000100,-5.450000,-0.385450,0.000000,false
19.059484,0.003000,0.003000,0.000100,-5.450000,-0.385123,0.000000,false
19.080424,0.003000,0.003000,0.000100,-5.450000,-0.384796,0.000000,false
19.099563,0.003000,0.003000,0.000100,-5.450000,-0.384469,0.000000,false
19.120773,0.003000,0.003000,0.000100,-5.450000,-0.384142,0.000000,false
19.139406,0.003000,0.003000,0.000100,-5.450000,-0.383815,0.000000,false
19.159800,0.003000,0.003000,0.000100,-5.450000,-0.383488,0.000000,false
19.180375,0.003000,0.003000,0.000100,-5.450000,-0.383161,0.000000,false
19.199369,0.003000,0.003000,0.000100,-5.450000,-0.382834,0.000000,false
19.219765,0.003000,0.003000,0.000100,-5.450000,-0.382507,0.000000,false
19.239486,0.003000,0.003000,0.000100,-5.450000,-0.382180,0.000000,false
19.259510,0.003000,0.003000,0.000100,-5.450000,-0.381853,0.000000,false
19.279788,0.003000,0.003000,0.000100,-5.450000,-0.381526,0.000000,false
19.299447,0.003000,0.003000,0.000100,-5.450000,-0.381199,0.000000,false
19.319469,0.003000,0.003000,0.000100,-5.450000,-0.380872,0.000000,false
19.339371,0.003000,0.003000,0.000100,-5.450000,-0.380545,0.000000,false
19.360033,0.003000,0.003000,0.000100,-5.450000,-0.380218,0.000000,false
19.380715,0.003000,0.003000,0.000100,-5.450000,-0.379891,0.000000,false
19.400484,0.003000,0.003000,0.000100,-5.450000,-0.379564,0.000000,false
19.419409,0.003000,0.003000,0.000100,-5.450000,-0.379237,0.000000,false
19.439600,0.003000,0.003000,0.000100,-5.450000,-0.378910,0.000000,false
19.459400,0.003000,0.003000,0.000100,-5.450000,-0.378583,0.000000,false
19.479690,0.003000,0.003000,0.000100,-5.450000,-0.378256,0.000000,false
19.499521,0.003000,0.003000,0.000100,-5.450000,-0.377929,0.000000,false
19.520649,0.003000,0.003000,0.000100,-5.450000,-0.377602,0.000000,false
19.539819,0.003000,0.003000,0.000100,-5.450000,-0.377275,0.000000,false
19.559401,0.003000,0.003000,0.000100,-5.450000,-0.376948,0.000000,false
19.579486,0.003000,0.003000,0.000100,-5.450000,-0.376621,0.000000,false
19.599546,0.003000,0.003000,0.000100,-5.450000,-0.376294,0.000000,false
19.619623,0.003000,0.003000,0.000100,-5.450000,-0.375967,0.000000,false
19.639891,0.003000,0.003000,0.000100,-5.450000,-0.375640,0.000000,false
19.660125,0.003000,0.003000,0.000100,-5.450000,-0.375313,0.000000,false
19.679601,0.003000,0.003000,0.000100,-5.450000,-0.374986,0.000000,false
19.699831,0.003000,0.003000,0.000100,-5.450000,-0.374659,0.000000,false
19.719731,0.003000,0.003000,0.000100,-5.450000,-0.374332,0.000000,false
19.739903,0.003000,0.003000,0.000100,-5.450000,-0.374005,0.000000,false
19.759498,0.003000,0.003000,0.000100,-5.450000,0.000000,0.000000,false
19.780073,0.003000,0.003000,0.000100,-5.450000,0.000000,0.000000,false
19.800412,0.003000,0.003000,0.000100,-5.450000,0.000000,0.000000,false
19.819622,0.003000,0.003000,0.000100,-5.430000,0.000000,0.000000,false
19.839460,0.003000,0.003000,0.000100,-5.410000,0.000000,0.000000,false
19.859517,0.003000,0.003000,0.000100,-5.420000,0.000000,0.000000,false
19.879577,0.003000,0.003000,0.000100,-5.420000,0.000000,0.000000,false
19.900790,0.003000,0.003000,0.000100,-5.420000,0.000000,0.000000,false
19.919372,0.003000,0.003000,0.000100,-5.420000,0.000000,0.000000,false
19.939984,0.003000,0.003000,0.000100,-5.420000,0.000000,0.000000,false
19.960896,0.003000,0.003000,0.000100,-5.420000,0.000000,0.000000,false
19.980385,0.003000,0.003000,0.000100,-5.420000,0.000000,0.000000,false
20.000188,0.003000,0.003000,0.000100,-5.420000,0.000000,0.000000,false
20.019572,0.003000,0.003000,0.000100,-5.420000,0.000000,0.000000,false
20.039528,0.003000,0.003000,0.000100,-5.420000,0.000000,0.000000,false
20.059373,0.003000,0.003000,0.000100,-5.420000,0.000000,0.000000,false
20.080004,0.003000,0.003000,0.000100,-5.420000,0.000000,90.000000,false
20.100311,0.003000,0.003000,0.000100,-5.420000,0.000000,90.000000,false
20.119703,0.003000,0.003000,0.000100,-5.420000,0.000000,90.000000,false
20.139605,0.003000,0.003000,0.000100,-5.420000,0.000000,90.000000,false
20.159382,0.003000,0.003000,0.000100,-5.420000,0.000000,90.000000,false
20.179882,0.003000,0.003000,0.000100,-5.420000,0.000000,90.000000,false
20.200598,0.003000,0.003000,0.000100,-5.420000,0.000000,90.000000,false
20.219591,0.003000,0.003000,0.000100,-5.420000,0.000000,90.000000,false
20.240103,0.003000,0.003000,0.000100,-5.410000,0.000000,90.000000,false
20.259747,0.003000,0.003000,0.000100,-5.410000,0.000000,90.000000,false
20.280012,0.003000,0.003000,0.000100,-5.410000,0.000000,90.000000,false
20.300259,0.003000,0.003000,0.000100,-5.410000,0.000000,90.000000,false
20.319543,0.003000,0.003000,0.000100,-5.410000,0.000000,90.000000,false
20.340130,0.003000,0.003000,0.000100,-5.410000,0.000000,90.000000,false
20.360312,0.003000,0.003000,0.000100,-5.410000,0.000000,90.000000,false
20.379605,0.003000,0.003000,0.000100,-5.410000,0.000000,90.000000,false
20.400473,0.003000,0.003000,0.000100,-5.410000,0.000000,90.000000,false
20.419600,0.003000,0.003000,0.000100,-5.410000,0.000000,90.000000,false
20.439596,0.003000,0.003000,0.000100,-5.410000,0.000000,90.000000,false
20.459496,0.003000,0.003000,0.000100,-5.410000,0.000000,90.000000,false
20.479486,0.003000,0.003000,0.000100,-5.410000,0.000000,90.000000,false
20.499435,0.003000,0.003000,0.000100,-5.410000,0.000000,90.000000,false
20.520791,0.003000,0.003000,0.000100,-5.410000,0.000000,90.000000,false
20.539319,0.003000,0.003000,0.000100,-5.410000,0.000000,90.000000,false
20.559505,0.003000,0.003000,0.000100,-5.410000,0.000000,90.000000,false
20.579513,0.003000,0.003000,0.000100,-5.410000,0.000000,90.000000,false
20.599646,0.003000,0.003000,0.000100,-5.410000,0.000000,90.000000,false
20.620568,0.003000,0.003000,0.000100,-5.410000,0.000000,90.000000,false
20.640815,0.003000,0.003000,0.000100,-5.410000,0.000000,90.000000,false
20.660809,0.003000,0.003000,0.000100,-5.410000,0.000000,90.000000,false
20.680426,0.003000,0.003000,0.000100,-5.410000,0.000000,90.000000,false
20.699936,0.003000,0.003000,0.000100,-5.410000,0.000000,90.000000,false
20.720248,0.003000,0.003000,0.000100,-5.410000,0.000000,90.000000,false
20.739705,0.003000,0.003000,0.000100,-5.410000,0.351399,90.000000,false
20.759389,0.003000,0.003000,0.000100,-5.410000,-0.092676,90.000000,false
20.779420,0.003000,0.003000,0.000100,-5.410000,-0.086951,90.000000,false
20.799487,0.003000,0.003000,0.000100,-5.410000,-0.081227,90.000000,false
20.819338,0.003000,0.003000,0.000100,-5.410000,-0.075502,90.000000,false
20.839487,0.003000,0.003000,0.000100,-5.410000,-0.069778,90.000000,false
20.859568,0.003000,0.003000,0.000100,-5.410000,-0.064053,90.000000,false
20.879518,0.003000,0.003000,0.000100,-5.420000,-0.058248,90.000000,false
20.899478,0.003000,0.003000,0.000100,-5.420000,-0.052573,90.000000,false
20.919424,0.003000,0.003000,0.000100,-5.420000,-0.046847,90.000000,false
20.939506,0.003000,0.003000,0.000100,-5.420000,-0.041122,90.000000,false
20.959507,0.003000,0.003000,0.000100,-5.420000,-0.035397,90.000000,false
20.979373,0.003000,0.003000,0.000100,-5.410000,-0.029752,90.000000,false
20.999437,0.003000,0.003000,0.000100,-5.420000,-0.023897,90.000000,false
21.019441,0.003000,0.003000,0.000100,-5.420000,-0.018222,90.000000,false
21.039489,0.003000,0.003000,0.000100,-5.420000,-0.012497,90.000000,false
21.059419,0.003000,0.003000,0.000100,-5.420000,-0.006772,90.000000,false
21.079402,0.003000,0.003000,0.000100,-5.420000,-0.001046,90.000000,false
21.099923,0.003000,0.003000,0.000100,-5.420000,0.004679,90.000000,false
21.119398,0.003000,0.003000,0.000100,-5.420000,0.010404,90.000000,false
21.139528,0.003000,0.003000,0.000100,-5.420000,0.016129,90.000000,false
21.159418,0.003000,0.003000,0.000100,-5.420000,0.021854,90.000000,false
21.179369,0.003000,0.003000,0.000100,-5.420000,0.027580,90.000000,false
21.199397,0.003000,0.003000,0.000100,-5.420000,0.033305,90.000000,false
21.219336,0.003000,0.003000,0.000100,-5.420000,0.039030,90.000000,false
21.241119,0.003000,0.003000,0.000100,-5.420000,0.044755,90.000000,false
21.259507,0.003000,0.003000,0.000100,-5.420000,0.050480,90.000000,false
21.279527,0.003000,0.003000,0.000100,-5.420000,0.056206,90.000000,false
21.300554,0.003000,0.003000,0.000100,-5.420000,0.061931,90.000000,false
21.319581,0.003000,0.003000,0.000100,-5.420000,0.067656,90.000000,false
21.339391,0.003000,0.003000,0.000100,-5.420000,0.073381,90.000000,false
21.359510,0.003000,0.003000,0.000100,-5.420000,0.079106,90.000000,false
21.379493,0.003000,0.003000,0.000100,-5.420000,0.084832,90.000000,false
21.399607,0.003000,0.003000,0.000100,-5.420000,0.090557,90.000000,false
21.419493,0.003000,0.003000,0.000100,-5.420000,0.096282,90.000000,false
21.439494,0.003000,0.003000,0.000100,-5.420000,0.102007,90.000000,false
21.459535,0.003000,0.003000,0.000100,-5.420000,0.107732,90.000000,false
21.479670,0.003000,0.003000,0.000100,-5.420000,0.113458,90.000000,false
21.499578,0.003000,0.003000,0.000100,-5.420000,0.119183,90.000000,false
21.519501,0.003000,0.003000,0.000100,-5.420000,0.124908,90.000000,false
21.540577,0.003000,0.003000,0.000100,-5.420000,0.130633,90.000000,false
21.560319,0.003000,0.003000,0.000100,-5.420000,0.136358,90.000000,false
21.579583,0.003000,0.003000,0.000100,-5.420000,0.142084,90.000000,false
21.599937,0.003000,0.003000,0.000100,-5.420000,0.147809,90.000000,false
21.619457,0.003000,0.003000,0.000100,-5.420000,0.153534,90.000000,false
21.639579,0.003000,0.003000,0.000100,-5.420000,0.159259,90.000000,false
21.659503,0.003000,0.003000,0.000100,-5.420000,0.164984,90.000000,false
21.679975,0.003000,0.003000,0.000100,-5.430000,0.170790,90.000000,false
21.699509,0.003000,0.003000,0.000100,-5.430000,0.176466,90.000000,false
21.720694,0.003000,0.003000,0.000100,-5.430000,0.182192,90.000000,false
21.739644,0.003000,0.003000,0.000100,-5.420000,0.187837,90.000000,false
21.759846,0.003000,0.003000,0.000100,-5.420000,0.193612,90.000000,false
21.779679,0.003000,0.003000,0.000100,-5.420000,0.199337,90.000000,false
21.799437,0.003000,0.003000,0.000100,-5.430000,0.205143,90.000000,false
21.819801,0.003000,0.003000,0.000100,-5.420000,0.210738,90.000000,false
21.841038,0.003000,0.003000,0.000100,-5.420000,0.216514,90.000000,false
21.859397,0.003000,0.003000,0.000100,-5.420000,0.222239,90.000000,false
21.879842,0.003000,0.003000,0.000100,-5.430000,0.228045,90.000000,false
21.900572,0.003000,0.003000,0.000100,-5.430000,0.233720,90.000000,false
21.919731,0.003000,0.003000,0.000100,-5.420000,0.239366,90.000000,false
21.939630,0.003000,0.003000,0.000100,-5.420000,0.245141,90.000000,false
21.959586,0.003000,0.003000,0.000100,-5.420000,0.250866,90.000000,false
21.979886,0.003000,0.003000,0.000100,-5.430000,0.256672,90.000000,false
21.999481,0.003000,0.003000,0.000100,-5.430000,0.262348,90.000000,false
22.019507,0.003000,0.003000,0.000100,-5.430000,0.268073,90.000000,false
22.039562,0.003000,0.003000,0.000100,-5.420000,0.273719,90.000000,false
22.059435,0.003000,0.003000,0.000100,-5.420000,0.279494,90.000000,false
22.079353,0.003000,0.003000,0.000100,-5.420000,0.285219,90.000000,false
22.099784,0.003000,0.003000,0.000100,-5.430000,0.291025,90.000000,false
22.120023,0.003000,0.003000,0.000100,-5.430000,0.296701,90.000000,false
22.140277,0.003000,0.003000,0.000100,-5.430000,0.302426,90.000000,false
22.159517,0.003000,0.003000,0.000100,-5.430000,0.308152,90.000000,false
22.179450,0.003000,0.003000,0.000100,-5.430000,0.313878,90.000000,false
22.200561,0.003000,0.003000,0.000100,-5.430000,0.319604,90.000000,false
22.219646,0.003000,0.003000,0.000100,-5.430000,0.325330,90.000000,false
22.240303,0.003000,0.003000,0.000100,-5.430000,0.331055,90.000000,false
22.259757,0.003000,0.003000,0.000100,-5.430000,0.336781,90.000000,false
22.279473,0.003000,0.003000,0.000100,-5.430000,0.342507,90.000000,false
22.299857,0.003000,0.003000,0.000100,-5.430000,0.348233,90.000000,false
22.320414,0.003000,0.003000,0.000100,-5.430000,0.353959,90.000000,false
22.340289,0.003000,0.003000,0.000100,-5.430000,0.359684,90.000000,false
22.359600,0.003000,0.003000,0.000100,-5.430000,0.365410,90.000000,false
22.379727,0.003000,0.003000,0.000100,-5.430000,0.371136,90.000000,false
22.399722,0.003000,0.003000,0.000100,-5.430000,0.376862,90.000000,false
22.420632,0.003000,0.003000,0.000100,-5.430000,0.382588,90.000000,false
22.440669,0.003000,0.003000,0.000100,-5.420000,0.388233,90.000000,false
22.460420,0.003000,0.003000,0.000100,-5.420000,0.394008,90.000000,false
22.480184,0.003000,0.003000,0.000100,-5.420000,0.399733,90.000000,false
22.499829,0.003000,0.003000,0.000100,-5.410000,0.405378,90.000000,false
22.519359,0.003000,0.003000,0.000100,-5.410000,0.411152,90.000000,false
22.540707,0.003000,0.003000,0.000100,-5.410000,0.416877,90.000000,false
22.560040,0.003000,0.003000,0.000100,-5.410000,0.422602,90.000000,false
22.580432,0.003000,0.003000,0.000100,-5.390000,0.428165,90.000000,false
22.599398,0.003000,0.003000,0.000100,-5.390000,0.433988,90.000000,false
22.619350,0.003000,0.003000,0.000100,-5.390000,0.439712,90.000000,false
22.639514,0.003000,0.003000,0.000100,-5.390000,0.445435,90.000000,false
22.659514,0.003000,0.003000,0.000100,-5.360000,0.450917,90.000000,false
22.679397,0.003000,0.003000,0.000100,-5.230000,0.455741,90.000000,false
22.699550,0.003000,0.003000,0.000100,-5.140000,0.461379,90.000000,false
22.719493,0.003000,0.003000,0.000100,-5.010000,0.466490,90.000000,false
22.739504,0.003000,0.003000,0.000100,-4.860000,0.471631,90.000000,false
22.759480,0.003000,0.003000,0.000100,-4.650000,0.476380,90.000000,false
22.779433,0.003000,0.003000,0.000100,-4.410000,0.481175,90.000000,false
22.799562,0.003000,0.003000,0.000100,-3.930000,0.484171,90.000000,false
22.819423,0.003000,0.003000,0.000100,-3.640000,0.489869,90.000000,false
22.839673,0.003000,0.003000,0.000100,-2.990000,0.491698,90.000000,false
22.859501,0.003000,0.003000,0.000100,-2.620000,0.497546,90.000000,false
22.879348,0.003000,0.003000,0.000100,-2.240000,0.501890,90.000000,false
22.899479,0.003000,0.003000,0.000100,-1.400000,0.502554,90.000000,false
22.919386,0.003000,0.003000,0.000100,-0.960000,0.508692,90.000000,false
22.939923,0.003000,0.003000,0.000100,-0.500000,0.512642,90.000000,false
22.959370,0.003000,0.003000,0.000100,0.010000,0.516261,90.000000,false
22.979481,0.003000,0.003000,0.000100,1.110000,0.515344,90.000000,false
22.999396,0.003000,0.003000,0.000100,2.310000,0.516506,90.000000,false
23.019501,0.003000,0.003000,0.000100,2.970000,0.522448,90.000000,false
23.039451,0.003000,0.003000,0.000100,3.660000,0.525408,90.000000,false
23.059520,0.003000,0.003000,0.000100,4.380000,0.528235,90.000000,false
23.079605,0.003000,0.003000,0.000100,5.120000,0.531008,90.000000,false
23.099374,0.003000,0.003000,0.000100,5.890000,0.533595,90.000000,false
23.119524,0.003000,0.003000,0.000100,8.350000,0.522664,90.000000,false
23.139460,0.003000,0.003000,0.000100,9.220000,0.532850,90.000000,false
23.159556,0.003000,0.003000,0.000100,10.130000,0.534713,90.000000,false
23.179468,0.003000,0.003000,0.000100,11.030000,0.536801,90.000000,false
23.200049,0.003000,0.003000,0.000100,11.960000,0.538543,90.000000,false
23.219514,0.003000,0.003000,0.000100,13.840000,0.532723,90.000000,false
23.239564,0.003000,0.003000,0.000100,14.820000,0.538794,90.000000,false
23.259317,0.003000,0.003000,0.000100,16.830000,0.532004,90.000000,false
23.279498,0.003000,0.003000,0.000100,17.860001,0.538142,90.000000,false
23.299356,0.003000,0.003000,0.000100,18.910000,0.539158,90.000000,false
23.320589,0.003000,0.003000,0.000100,19.980000,0.540049,90.000000,false
23.340136,0.003000,0.003000,0.000100,22.129999,0.532271,90.000000,false
23.359325,0.003000,0.003000,0.000100,23.240000,0.538147,90.000000,false
23.379581,0.003000,0.003000,0.000100,25.440001,0.529970,90.000000,false
23.400080,0.003000,0.003000,0.000100,26.570000,0.535736,90.000000,false
23.419897,0.003000,0.003000,0.000100,27.680000,0.536245,90.000000,false
23.439438,0.003000,0.003000,0.000100,29.889999,0.527722,90.000000,false
23.459955,0.003000,0.003000,0.000100,30.990000,0.533512,90.000000,false
23.479496,0.003000,0.003000,0.000100,32.080002,0.533768,90.000000,false
23.499566,0.003000,0.003000,0.000100,33.150002,0.534069,90.000000,false
23.519583,0.003000,0.003000,0.000100,35.360001,0.525017,90.000000,false
23.539487,0.003000,0.003000,0.000100,37.560001,0.521613,90.000000,false
23.559424,0.003000,0.003000,0.000100,38.639999,0.527055,90.000000,false
23.579737,0.003000,0.003000,0.000100,39.720001,0.526832,90.000000,false
23.599391,0.003000,0.003000,0.000100,40.810001,0.526463,90.000000,false
23.620391,0.003000,0.003000,0.000100,41.860001,0.526402,90.000000,false
23.639917,0.003000,0.003000,0.000100,42.950001,0.525755,90.000000,false
23.659488,0.003000,0.003000,0.000100,46.090000,0.508719,90.000000,false
23.680244,0.003000,0.003000,0.000100,47.119999,0.518752,90.000000,false
23.699512,0.003000,0.003000,0.000100,48.160000,0.518092,90.000000,false
23.719547,0.003000,0.003000,0.000100,49.189999,0.517501,90.000000,false
23.740104,0.003000,0.003000,0.000100,50.180000,0.517120,90.000000,false
23.759641,0.003000,0.003000,0.000100,51.189999,0.516319,90.000000,false
23.779658,0.003000,0.003000,0.000100,54.139999,0.499920,90.000000,false
23.799764,0.003000,0.003000,0.000100,55.110001,0.509004,90.000000,false
23.819853,0.003000,0.003000,0.000100,56.070000,0.508210,90.000000,false
23.840610,0.003000,0.003000,0.000100,57.029999,0.507308,90.000000,false
23.859533,0.003000,0.003000,0.000100,57.939999,0.506751,90.000000,false
23.880396,0.003000,0.003000,0.000100,59.750000,0.498636,90.000000,false
23.900272,0.003000,0.003000,0.000100,60.650002,0.502247,90.000000,false
23.919457,0.003000,0.003000,0.000100,62.419998,0.494242,90.000000,false
23.940427,0.003000,0.003000,0.000100,63.290001,0.497735,90.000000,false
23.959580,0.003000,0.003000,0.000100,64.129997,0.496917,90.000000,false
23.979561,0.003000,0.003000,0.000100,65.809998,0.489128,90.000000,false
24.000295,0.003000,0.003000,0.000100,66.620003,0.492451,90.000000,false
24.020503,0.003000,0.003000,0.000100,67.419998,0.491456,90.000000,false
24.040470,0.003000,0.003000,0.000100,68.989998,0.490363,90.000000,false
24.059515,0.003000,0.003000,0.000100,69.750000,0.483338,90.000000,false
24.080128,0.003000,0.003000,0.000100,71.260002,0.480032,90.000000,false
24.100045,0.003000,0.003000,0.000100,71.989998,0.482823,90.000000,false
24.120502,0.003000,0.003000,0.000100,72.699997,0.481831,90.000000,false
24.140238,0.003000,0.003000,0.000100,73.410004,0.480696,90.000000,false
24.160490,0.003000,0.003000,0.000100,74.070000,0.479922,90.000000,false
24.179912,0.003000,0.003000,0.000100,75.970001,0.468864,90.000000,false
24.199596,0.003000,0.003000,0.000100,76.580002,0.474289,90.000000,false
24.219825,0.003000,0.003000,0.000100,77.199997,0.473147,90.000000,false
24.239934,0.003000,0.003000,0.000100,77.779999,0.472340,90.000000,false
24.259575,0.003000,0.003000,0.000100,78.360001,0.471299,90.000000,false
24.281138,0.003000,0.003000,0.000100,78.940002,0.470222,90.000000,false
24.300567,0.003000,0.003000,0.000100,80.059998,0.464759,90.000000,false
24.319651,0.003000,0.003000,0.000100,81.120003,0.462411,90.000000,false
24.340240,0.003000,0.003000,0.000100,81.650002,0.463972,90.000000,false
24.359436,0.003000,0.003000,0.000100,82.160004,0.463013,90.000000,false
24.379503,0.003000,0.003000,0.000100,82.639999,0.462164,90.000000,false
24.399474,0.003000,0.003000,0.000100,83.570000,0.457510,90.000000,false
24.419410,0.003000,0.003000,0.000100,84.029999,0.458838,90.000000,false
24.439374,0.003000,0.003000,0.000100,84.489998,0.457789,90.000000,false
24.459485,0.003000,0.003000,0.000100,84.930000,0.456873,90.000000,false
24.479389,0.003000,0.003000,0.000100,85.360001,0.455912,90.000000,false
24.499385,0.003000,0.003000,0.000100,86.580002,0.448507,90.000000,false
24.519365,0.003000,0.003000,0.000100,86.959999,0.451749,90.000000,false
24.539360,0.003000,0.003000,0.000100,87.330002,0.450849,90.000000,false
24.559384,0.003000,0.003000,0.000100,87.690002,0.449958,90.000000,false
24.579372,0.003000,0.003000,0.000100,88.000000,0.449398,90.000000,false
24.599569,0.003000,0.003000,0.000100,88.610001,0.446151,90.000000,false
24.619355,0.003000,0.003000,0.000100,88.879997,0.447109,90.000000,false
24.639393,0.003000,0.003000,0.000100,89.389999,0.444415,90.000000,false
24.659471,0.003000,0.003000,0.000100,89.629997,0.445067,90.000000,false
24.679505,0.003000,0.003000,0.000100,89.860001,0.444436,90.000000,false
24.699448,0.003000,0.003000,0.000100,90.300003,0.442048,90.000000,false
24.719505,0.003000,0.003000,0.000100,90.510002,0.442537,90.000000,false
24.739525,0.003000,0.003000,0.000100,90.709999,0.441945,90.000000,false
24.759495,0.003000,0.003000,0.000100,91.099998,0.439759,90.000000,false
24.779365,0.003000,0.003000,0.000100,91.260002,0.440353,90.000000,false
24.799370,0.003000,0.003000,0.000100,91.529999,0.438901,90.000000,false
24.819964,0.003000,0.003000,0.000100,91.650002,0.439192,90.000000,false
24.839484,0.003000,0.003000,0.000100,91.769997,0.438726,90.000000,false
24.859537,0.003000,0.003000,0.000100,91.889999,0.438253,90.000000,false
24.887595,0.003000,0.003000,0.000100,92.099998,0.437047,90.000000,false
24.899837,0.003000,0.003000,0.000100,92.209999,0.437084,90.000000,false
24.919854,0.003000,0.003000,0.000100,92.400002,0.435970,90.000000,false
24.939488,0.003000,0.003000,0.000100,92.500000,0.435970,90.000000,false
24.959514,0.003000,0.003000,0.000100,92.589996,0.435595,90.000000,false
24.980834,0.003000,0.003000,0.000100,92.669998,0.435244,90.000000,false
25.000012,0.003000,0.003000,0.000100,92.760002,0.434759,90.000000,false
25.019597,0.003000,0.003000,0.000100,93.000000,0.433109,90.000000,false
25.039375,0.003000,0.003000,0.000100,93.059998,0.433645,90.000000,false
25.059397,0.003000,0.003000,0.000100,93.120003,0.433278,90.000000,false
25.079713,0.003000,0.003000,0.000100,93.180000,0.432907,90.000000,false
25.099622,0.003000,0.003000,0.000100,93.230003,0.432613,90.000000,false
25.120037,0.003000,0.003000,0.000100,93.279999,0.432267,90.000000,false
25.139988,0.003000,0.003000,0.000100,93.379997,0.431514,90.000000,false
25.159374,0.003000,0.003000,0.000100,93.430000,0.431408,90.000000,false
25.179519,0.003000,0.003000,0.000100,93.459999,0.431210,90.000000,false
25.199472,0.003000,0.003000,0.000100,93.489998,0.430911,90.000000,false
25.220591,0.003000,0.003000,0.000100,93.510002,0.430690,90.000000,false
25.239596,0.003000,0.003000,0.000100,93.559998,0.430177,90.000000,false
25.259457,0.003000,0.003000,0.000100,93.610001,0.429810,90.000000,false
25.279394,0.003000,0.003000,0.000100,93.669998,0.429360,90.000000,false
25.300558,0.003000,0.003000,0.000100,93.699997,0.429198,90.000000,false
25.319440,0.003000,0.003000,0.000100,93.750000,0.428723,90.000000,false
25.339389,0.003000,0.003000,0.000100,93.779999,0.428506,90.000000,false
25.359372,0.003000,0.003000,0.000100,93.800003,0.428268,90.000000,false
25.379509,0.003000,0.003000,0.000100,93.800003,0.428140,90.000000,false
25.399724,0.003000,0.003000,0.000100,93.800003,0.427912,90.000000,false
25.419510,0.003000,0.003000,0.000100,93.800003,0.427684,90.000000,false
25.439517,0.003000,0.003000,0.000100,93.809998,0.427376,90.000000,false
25.459495,0.003000,0.003000,0.000100,93.809998,0.427197,90.000000,false
25.479519,0.003000,0.003000,0.000100,93.800003,0.427049,90.000000,false
25.501055,0.003000,0.003000,0.000100,93.800003,0.426771,90.000000,false
25.519593,0.003000,0.003000,0.000100,93.800003,0.426543,90.000000,false
25.539616,0.003000,0.003000,0.000100,93.800003,0.426315,90.000000,false
25.559513,0.003000,0.003000,0.000100,93.800003,0.426087,90.000000,false
25.580714,0.003000,0.003000,0.000100,93.809998,0.000000,90.000000,false
25.599816,0.003000,0.003000,0.000100,93.809998,0.000000,90.000000,false
25.619542,0.003000,0.003000,0.000100,93.809998,0.000000,90.000000,false
25.639781,0.003000,0.003000,0.000100,93.790001,0.000000,90.000000,false
25.659480,0.003000,0.003000,0.000100,93.779999,0.000000,90.000000,false
25.680029,0.003000,0.003000,0.000100,93.779999,0.000000,90.000000,false
25.700164,0.003000,0.003000,0.000100,93.779999,0.000000,90.000000,false
25.719682,0.003000,0.003000,0.000100,93.779999,0.000000,90.000000,false
25.739855,0.003000,0.003000,0.000100,93.779999,0.000000,90.000000,false
25.759336,0.003000,0.003000,0.000100,93.779999,0.000000,90.000000,false
25.780356,0.003000,0.003000,0.000100,93.779999,0.000000,90.000000,false
25.799853,0.003000,0.003000,0.000100,93.779999,0.000000,90.000000,false
25.820568,0.003000,0.003000,0.000100,93.779999,0.000000,170.000000,false
25.839358,0.003000,0.003000,0.000100,93.779999,0.000000,170.000000,false
25.859531,0.003000,0.003000,0.000100,93.769997,0.000000,170.000000,false
25.879814,0.003000,0.003000,0.000100,93.779999,0.000000,170.000000,false
25.899636,0.003000,0.003000,0.000100,93.779999,0.000000,170.000000,false
25.919744,0.003000,0.003000,0.000100,93.779999,0.000000,170.000000,false
25.940791,0.003000,0.003000,0.000100,93.779999,0.000000,170.000000,false
25.959422,0.003000,0.003000,0.000100,93.779999,0.000000,170.000000,false
25.980401,0.003000,0.003000,0.000100,93.779999,0.000000,170.000000,false
26.000329,0.003000,0.003000,0.000100,93.790001,0.000000,170.000000,false
26.020686,0.003000,0.003000,0.000100,93.790001,0.000000,170.000000,false
26.039612,0.003000,0.003000,0.000100,93.790001,0.000000,170.000000,false
26.060237,0.003000,0.003000,0.000100,93.779999,0.000000,170.000000,false
26.079651,0.003000,0.003000,0.000100,93.779999,0.000000,170.000000,false
26.099653,0.003000,0.003000,0.000100,93.779999,0.000000,170.000000,false
26.120367,0.003000,0.003000,0.000100,93.790001,0.000000,170.000000,false
26.139633,0.003000,0.003000,0.000100,93.790001,0.000000,170.000000,false
26.159411,0.003000,0.003000,0.000100,93.790001,1.070740,170.000000,false
26.179438,0.003000,0.003000,0.000100,93.790001,0.675262,170.000000,false
26.199423,0.003000,0.003000,0.000100,93.790001,0.679835,170.000000,false
26.219541,0.003000,0.003000,0.000100,94.029999,0.682473,170.000000,false
26.239487,0.003000,0.003000,0.000100,95.709999,0.674690,170.000000,false
26.259420,0.003000,0.003000,0.000100,97.010002,0.677070,170.000000,false
26.280603,0.003000,0.003000,0.000100,98.550003,0.675537,170.000000,false
26.299467,0.003000,0.003000,0.000100,100.190002,0.674305,170.000000,false
26.319439,0.003000,0.003000,0.000100,103.790001,0.657678,170.000000,false
26.339409,0.003000,0.003000,0.000100,107.889999,0.646605,170.000000,false
26.359818,0.003000,0.003000,0.000100,110.050003,0.653422,170.000000,false
26.379374,0.003000,0.003000,0.000100,112.290001,0.649764,170.000000,false
26.399447,0.003000,0.003000,0.000100,114.559998,0.646131,170.000000,false
26.419444,0.003000,0.003000,0.000100,116.839996,0.642430,170.000000,false
26.439496,0.003000,0.003000,0.000100,119.190002,0.638079,170.000000,false
26.459550,0.003000,0.003000,0.000100,126.339996,0.595248,170.000000,false
26.479535,0.003000,0.003000,0.000100,128.720001,0.614435,170.000000,false
26.499364,0.003000,0.003000,0.000100,131.130005,0.609387,170.000000,false
26.519355,0.003000,0.003000,0.000100,133.529999,0.604426,170.000000,false
26.539542,0.003000,0.003000,0.000100,135.869995,0.599753,170.000000,false
26.559360,0.003000,0.003000,0.000100,138.110001,0.595447,170.000000,false
26.579503,0.003000,0.003000,0.000100,144.899994,0.553833,170.000000,false
26.599333,0.003000,0.003000,0.000100,147.089996,0.571637,170.000000,false
26.619601,0.003000,0.003000,0.000100,149.279999,0.566311,170.000000,false
26.639326,0.003000,0.003000,0.000100,151.389999,0.561497,170.000000,false
26.659440,0.003000,0.003000,0.000100,153.449997,0.556560,170.000000,false
26.679411,0.003000,0.003000,0.000100,155.429993,0.551894,170.000000,false
26.699942,0.003000,0.003000,0.000100,159.270004,0.531718,170.000000,false
26.719487,0.003000,0.003000,0.000100,162.919998,0.522143,170.000000,false
26.739464,0.003000,0.003000,0.000100,164.699997,0.526471,170.000000,false
26.759538,0.003000,0.003000,0.000100,166.410004,0.521906,170.000000,false
26.779421,0.003000,0.003000,0.000100,168.080002,0.517212,170.000000,false
26.799345,0.003000,0.003000,0.000100,171.250000,0.500127,170.000000,false
26.819393,0.003000,0.003000,0.000100,172.750000,0.503812,170.000000,false
26.839692,0.003000,0.003000,0.000100,175.559998,0.488498,170.000000,false
26.860731,0.003000,0.003000,0.000100,176.899994,0.491414,170.000000,false
26.879549,0.003000,0.003000,0.000100,178.160004,0.487544,170.000000,false
26.900557,0.003000,0.003000,0.000100,-179.490005,3.376014,170.000000,false
26.919627,0.003000,0.003000,0.000100,-178.389999,1.599867,170.000000,false
26.940993,0.003000,0.003000,0.000100,-177.360001,1.617969,170.000000,false
26.959534,0.003000,0.003000,0.000100,-176.279999,1.635256,170.000000,false
26.979459,0.003000,0.003000,0.000100,-173.309998,1.637494,170.000000,false
26.999479,0.003000,0.003000,0.000100,-168.809998,1.636673,170.000000,false
27.019476,0.003000,0.003000,0.000100,-165.929993,1.656289,170.000000,false
27.039478,0.003000,0.003000,0.000100,-162.699997,1.664811,170.000000,false
27.060963,0.003000,0.003000,0.000100,-159.100006,1.671907,170.000000,false
27.079513,0.003000,0.003000,0.000100,-155.160004,1.677896,170.000000,false
27.099504,0.003000,0.003000,0.000100,-146.539993,1.647629,170.000000,false
27.119696,0.003000,0.003000,0.000100,-136.729996,1.630652,170.000000,false
27.139797,0.003000,0.003000,0.000100,-131.440002,1.655469,170.000000,false
27.159549,0.003000,0.003000,0.000100,-125.889999,1.655272,170.000000,false
27.179596,0.003000,0.003000,0.000100,-120.150002,1.654511,170.000000,false
27.199508,0.003000,0.003000,0.000100,-114.339996,1.653792,170.000000,false
27.220186,0.003000,0.003000,0.000100,-96.120003,1.652267,170.000000,false
27.239818,0.003000,0.003000,0.000100,-89.709999,1.547640,170.000000,false
27.259433,0.003000,0.003000,0.000100,-83.180000,1.604191,170.000000,false
27.279509,0.003000,0.003000,0.000100,-76.660004,1.599480,170.000000,false
27.299456,0.003000,0.003000,0.000100,-70.139999,1.594329,170.000000,false
27.320102,0.003000,0.003000,0.000100,-63.400002,1.587013,170.000000,false
27.339572,0.003000,0.003000,0.000100,-56.599998,1.579909,170.000000,false
27.359508,0.003000,0.003000,0.000100,-35.630001,1.458487,170.000000,false
27.379586,0.003000,0.003000,0.000100,-28.559999,1.518690,170.000000,false
27.399539,0.003000,0.003000,0.000100,-21.450001,1.508647,170.000000,false
27.420539,0.003000,0.003000,0.000100,-14.270000,1.497813,170.000000,false
27.440700,0.003000,0.003000,0.000100,-7.050000,1.486576,170.000000,false
27.459373,0.003000,0.003000,0.000100,7.520000,0.000000,170.000000,false
27.479984,0.003000,0.003000,0.000100,14.960000,0.000000,170.000000,false
27.500782,0.003000,0.003000,0.000100,30.200001,0.000000,170.000000,false
27.519542,0.003000,0.003000,0.000100,37.700001,0.000000,170.000000,false
27.540538,0.003000,0.003000,0.000100,44.770000,0.000000,170.000000,false
27.559548,0.003000,0.003000,0.000100,49.529999,0.000000,170.000000,false
27.580577,0.003000,0.003000,0.000100,60.389999,0.000000,170.000000,false
27.600070,0.003000,0.003000,0.000100,65.809998,0.000000,170.000000,false
27.620496,0.003000,0.003000,0.000100,75.559998,0.000000,170.000000,false
27.639398,0.003000,0.003000,0.000100,79.650002,0.000000,170.000000,false
27.659461,0.003000,0.003000,0.000100,86.480003,0.000000,170.000000,false
27.680214,0.003000,0.003000,0.000100,89.290001,0.000000,170.000000,false
27.700894,0.003000,0.003000,0.000100,91.599998,0.000000,170.000000,false
27.720534,0.003000,0.003000,0.000100,93.519997,0.000000,170.000000,false
27.739474,0.003000,0.003000,0.000100,95.089996,0.000000,170.000000,false
27.759460,0.003000,0.003000,0.000100,97.230003,0.000000,170.000000,false
27.779477,0.003000,0.003000,0.000100,98.500000,0.000000,170.000000,false
27.799401,0.003000,0.003000,0.000100,98.889999,0.000000,170.000000,false
27.819501,0.003000,0.003000,0.000100,99.169998,0.000000,170.000000,false
27.839386,0.003000,0.003000,0.000100,99.339996,0.000000,170.000000,false
27.859459,0.003000,0.003000,0.000100,99.419998,0.000000,170.000000,false
27.879377,0.003000,0.003000,0.000100,99.410004,0.000000,170.000000,false
27.899395,0.003000,0.003000,0.000100,99.160004,0.000000,170.000000,false
27.920379,0.003000,0.003000,0.000100,99.099998,0.000000,170.000000,false
27.940227,0.003000,0.003000,0.000100,99.080002,0.000000,170.000000,false
27.959500,0.003000,0.003000,0.000100,99.099998,0.000000,170.000000,false
27.979472,0.003000,0.003000,0.000100,99.120003,0.000000,170.000000,false
27.999519,0.003000,0.003000,0.000100,99.129997,0.000000,170.000000,false
28.019579,0.003000,0.003000,0.000100,99.150002,0.000000,170.000000,false
28.039692,0.003000,0.003000,0.000100,99.150002,0.000000,170.000000,false
28.059460,0.003000,0.003000,0.000100,99.150002,0.000000,170.000000,false
28.079497,0.003000,0.003000,0.000100,99.160004,0.000000,170.000000,false
28.099535,0.003000,0.003000,0.000100,99.160004,0.000000,170.000000,false
28.119566,0.003000,0.003000,0.000100,99.169998,0.000000,170.000000,false
28.139465,0.003000,0.003000,0.000100,99.169998,0.000000,170.000000,false
28.159448,0.003000,0.003000,0.000100,99.169998,0.000000,170.000000,false
28.179497,0.003000,0.003000,0.000100,99.180000,0.000000,170.000000,false
28.199562,0.003000,0.003000,0.000100,99.180000,0.000000,170.000000,false
28.219478,0.003000,0.003000,0.000100,99.180000,0.000000,170.000000,false
28.239575,0.003000,0.003000,0.000100,99.180000,0.000000,170.000000,false
28.259368,0.003000,0.003000,0.000100,99.190002,0.000000,170.000000,false
28.279326,0.003000,0.003000,0.000100,99.190002,0.000000,170.000000,false
28.299398,0.003000,0.003000,0.000100,99.199997,0.000000,170.000000,false
28.319488,0.003000,0.003000,0.000100,99.190002,0.000000,170.000000,false
28.339596,0.003000,0.003000,0.000100,99.199997,0.000000,170.000000,false
28.359500,0.003000,0.003000,0.000100,99.199997,0.000000,170.000000,false
28.379658,0.003000,0.003000,0.000100,99.199997,0.000000,170.000000,false
28.400994,0.003000,0.003000,0.000100,99.199997,0.000000,170.000000,false
28.419612,0.003000,0.003000,0.000100,99.209999,0.000000,170.000000,false
28.439413,0.003000,0.003000,0.000100,99.209999,0.000000,170.000000,false
28.459636,0.003000,0.003000,0.000100,99.209999,0.000000,170.000000,false
28.479480,0.003000,0.003000,0.000100,99.220001,0.000000,170.000000,false
28.499425,0.003000,0.003000,0.000100,99.220001,0.000000,170.000000,false
28.519439,0.003000,0.003000,0.000100,99.220001,0.000000,170.000000,false
28.539368,0.003000,0.003000,0.000100,99.220001,0.000000,-90.000000,false
28.559447,0.003000,0.003000,0.000100,99.220001,0.000000,-90.000000,false
28.579988,0.003000,0.003000,0.000100,99.230003,0.000000,-90.000000,false
28.599367,0.003000,0.003000,0.000100,99.230003,0.000000,-90.000000,false
28.619443,0.003000,0.003000,0.000100,99.230003,0.000000,-90.000000,false
28.639483,0.003000,0.003000,0.000100,99.230003,0.000000,-90.000000,false
28.659689,0.003000,0.003000,0.000100,99.239998,0.000000,-90.000000,false
28.679486,0.003000,0.003000,0.000100,99.230003,0.000000,-90.000000,false
28.699321,0.003000,0.003000,0.000100,99.239998,0.000000,-90.000000,false
28.720393,0.003000,0.003000,0.000100,99.239998,0.000000,-90.000000,false
28.740035,0.003000,0.003000,0.000100,99.250000,0.000000,-90.000000,false
28.759365,0.003000,0.003000,0.000100,99.239998,0.000000,-90.000000,false
28.779536,0.003000,0.003000,0.000100,99.250000,0.000000,-90.000000,false
28.800395,0.003000,0.003000,0.000100,99.250000,0.000000,-90.000000,false
28.820804,0.003000,0.003000,0.000100,99.260002,0.000000,-90.000000,false
28.840621,0.003000,0.003000,0.000100,99.250000,0.000000,-90.000000,false
28.859811,0.003000,0.003000,0.000100,99.260002,0.000000,-90.000000,false
28.880212,0.003000,0.003000,0.000100,99.260002,0.000000,-90.000000,false
28.899440,0.003000,0.003000,0.000100,99.250000,0.000000,-90.000000,false
28.919664,0.003000,0.003000,0.000100,99.260002,-1.419159,-90.000000,false
28.940003,0.003000,0.003000,0.000100,99.260002,0.401035,-90.000000,false
28.959935,0.003000,0.003000,0.000100,99.160004,0.390486,-90.000000,false
28.979597,0.003000,0.003000,0.000100,98.709999,0.382263,-90.000000,false
29.000397,0.003000,0.003000,0.000100,98.110001,0.373526,-90.000000,false
29.020384,0.003000,0.003000,0.000100,97.500000,0.364156,-90.000000,false
29.039488,0.003000,0.003000,0.000100,97.010002,0.353806,-90.000000,false
29.059569,0.003000,0.003000,0.000100,96.589996,0.343520,-90.000000,false
29.079657,0.003000,0.003000,0.000100,96.250000,0.332965,-90.000000,false
29.099509,0.003000,0.003000,0.000100,95.830002,0.323476,-90.000000,false
29.119733,0.003000,0.003000,0.000100,95.870003,0.309903,-90.000000,false
29.139340,0.003000,0.003000,0.000100,95.919998,0.298548,-90.000000,false
29.159355,0.003000,0.003000,0.000100,95.970001,0.287240,-90.000000,false
29.180310,0.003000,0.003000,0.000100,95.989998,0.276171,-90.000000,false
29.200241,0.003000,0.003000,0.000100,95.970001,0.265272,-90.000000,false
29.219670,0.003000,0.003000,0.000100,95.949997,0.254175,-90.000000,false
29.239631,0.003000,0.003000,0.000100,95.970001,0.242757,-90.000000,false
29.259473,0.003000,0.003000,0.000100,95.980003,0.231618,-90.000000,false
29.279653,0.003000,0.003000,0.000100,95.980003,0.220510,-90.000000,false
29.299684,0.003000,0.003000,0.000100,95.970001,0.209431,-90.000000,false
29.320235,0.003000,0.003000,0.000100,95.989998,0.198062,-90.000000,false
29.340357,0.003000,0.003000,0.000100,95.980003,0.187083,-90.000000,false
29.360363,0.003000,0.003000,0.000100,95.980003,0.175874,-90.000000,false
29.379400,0.003000,0.003000,0.000100,95.980003,0.164716,-90.000000,false
29.400418,0.003000,0.003000,0.000100,95.989998,0.153476,-90.000000,false
29.419581,0.003000,0.003000,0.000100,95.989998,0.142367,-90.000000,false
29.440272,0.003000,0.003000,0.000100,95.989998,0.131207,-90.000000,false
29.460280,0.003000,0.003000,0.000100,95.989998,0.120048,-90.000000,false
29.479392,0.003000,0.003000,0.000100,95.989998,0.108889,-90.000000,false
29.500080,0.003000,0.003000,0.000100,95.989998,0.097729,-90.000000,false
29.519348,0.003000,0.003000,0.000100,95.989998,0.086570,-90.000000,false
29.539538,0.003000,0.003000,0.000100,95.989998,0.075410,-90.000000,false
29.559754,0.003000,0.003000,0.000100,95.989998,0.064251,-90.000000,false
29.580603,0.003000,0.003000,0.000100,95.989998,0.053092,-90.000000,false
29.600658,0.003000,0.003000,0.000100,95.989998,0.041932,-90.000000,false
29.620691,0.003000,0.003000,0.000100,95.989998,0.030773,-90.000000,false
29.639729,0.003000,0.003000,0.000100,96.000000,0.019533,-90.000000,false
29.660406,0.003000,0.003000,0.000100,96.000000,0.008423,-90.000000,false
29.679652,0.003000,0.003000,0.000100,96.000000,-0.002737,-90.000000,false
29.699358,0.003000,0.003000,0.000100,96.000000,-0.013897,-90.000000,false
29.719480,0.003000,0.003000,0.000100,96.000000,-0.025057,-90.000000,false
29.743809,0.003000,0.003000,0.000100,96.000000,-0.036217,-90.000000,false
29.759557,0.003000,0.003000,0.000100,95.989998,-0.047297,-90.000000,false
29.779389,0.003000,0.003000,0.000100,96.000000,-0.058587,-90.000000,false
29.799355,0.003000,0.003000,0.000100,96.000000,-0.069697,-90.000000,false
29.819390,0.003000,0.003000,0.000100,96.000000,-0.080857,-90.000000,false
29.839503,0.003000,0.003000,0.000100,96.000000,-0.092017,-90.000000,false
29.859410,0.003000,0.003000,0.000100,96.000000,-0.103177,-90.000000,false
29.879419,0.003000,0.003000,0.000100,96.000000,-0.114337,-90.000000,false
29.899332,0.003000,0.003000,0.000100,96.000000,-0.125497,-90.000000,false
29.919348,0.003000,0.003000,0.000100,96.000000,-0.136657,-90.000000,false
29.939425,0.003000,0.003000,0.000100,96.010002,-0.147897,-90.000000,false
29.959467,0.003000,0.003000,0.000100,96.010002,-0.159008,-90.000000,false
29.979614,0.003000,0.003000,0.000100,96.010002,-0.170168,-90.000000,false
29.999427,0.003000,0.003000,0.000100,96.010002,-0.181329,-90.000000,false
30.019482,0.003000,0.003000,0.000100,96.010002,-0.192490,-90.000000,false
30.039517,0.003000,0.003000,0.000100,96.010002,-0.203650,-90.000000,false
30.059464,0.003000,0.003000,0.000100,96.010002,-0.214811,-90.000000,false
30.079519,0.003000,0.003000,0.000100,96.010002,-0.225971,-90.000000,false
30.099486,0.003000,0.003000,0.000100,96.010002,-0.237132,-90.000000,false
30.119537,0.003000,0.003000,0.000100,96.010002,-0.248293,-90.000000,false
30.139510,0.003000,0.003000,0.000100,96.010002,-0.259453,-90.000000,false
30.159354,0.003000,0.003000,0.000100,96.019997,-0.270694,-90.000000,false
30.179411,0.003000,0.003000,0.000100,96.019997,-0.281806,-90.000000,false
30.199427,0.003000,0.003000,0.000100,96.019997,-0.292967,-90.000000,false
30.219342,0.003000,0.003000,0.000100,96.010002,-0.304047,-90.000000,false
30.239635,0.003000,0.003000,0.000100,96.010002,-0.315258,-90.000000,false
30.259483,0.003000,0.003000,0.000100,96.010002,-0.326419,-90.000000,false
30.279955,0.003000,0.003000,0.000100,96.010002,-0.337579,-90.000000,false
30.299625,0.003000,0.003000,0.000100,96.010002,-0.348740,-90.000000,false
30.319502,0.003000,0.003000,0.000100,96.010002,-0.359900,-90.000000,false
30.339592,0.003000,0.003000,0.000100,96.010002,-0.371061,-90.000000,false
30.359461,0.003000,0.003000,0.000100,96.019997,-0.382302,-90.000000,false
30.379457,0.003000,0.003000,0.000100,96.019997,-0.393413,-90.000000,false
30.399469,0.003000,0.003000,0.000100,96.019997,-0.404575,-90.000000,false
30.420071,0.003000,0.003000,0.000100,96.019997,-0.415736,-90.000000,false
30.439475,0.003000,0.003000,0.000100,96.019997,-0.426897,-90.000000,false
30.459492,0.003000,0.003000,0.000100,96.010002,-0.437978,-90.000000,false
30.479507,0.003000,0.003000,0.000100,96.000000,-0.449108,-90.000000,false
30.499538,0.003000,0.003000,0.000100,95.989998,-0.460237,-90.000000,false
30.519525,0.003000,0.003000,0.000100,95.830002,-0.470157,-90.000000,false
30.539434,0.003000,0.003000,0.000100,95.529999,-0.479689,-90.000000,false
30.559973,0.003000,0.003000,0.000100,95.279999,-0.490305,-90.000000,false
30.579391,0.003000,0.003000,0.000100,94.970001,-0.500174,-90.000000,false
30.599469,0.003000,0.003000,0.000100,94.629997,-0.510081,-90.000000,false
30.619350,0.003000,0.003000,0.000100,93.769997,-0.515928,-90.000000,false
30.640036,0.003000,0.003000,0.000100,93.239998,-0.526982,-90.000000,false
30.659820,0.003000,0.003000,0.000100,92.000000,-0.535952,-90.000000,false
30.679377,0.003000,0.003000,0.000100,91.300003,-0.538850,-90.000000,false
30.699358,0.003000,0.003000,0.000100,90.519997,-0.550241,-90.000000,false
30.719640,0.003000,0.003000,0.000100,88.730003,-0.550545,-90.000000,false
30.739364,0.003000,0.003000,0.000100,87.739998,-0.562239,-90.000000,false
30.759381,0.003000,0.003000,0.000100,86.690002,-0.569390,-90.000000,false
30.779480,0.003000,0.003000,0.000100,85.550003,-0.576053,-90.000000,false
30.799490,0.003000,0.003000,0.000100,83.129997,-0.572781,-90.000000,false
30.819382,0.003000,0.003000,0.000100,81.820000,-0.584710,-90.000000,false
30.840246,0.003000,0.003000,0.000100,79.029999,-0.579082,-90.000000,false
30.859369,0.003000,0.003000,0.000100,77.559998,-0.591326,-90.000000,false
30.880284,0.003000,0.003000,0.000100,76.040001,-0.596478,-90.000000,false
30.899750,0.003000,0.003000,0.000100,74.449997,-0.601225,-90.000000,false
30.919573,0.003000,0.003000,0.000100,72.830002,-0.605985,-90.000000,false
30.940521,0.003000,0.003000,0.000100,67.650002,-0.582104,-90.000000,false
30.959956,0.003000,0.003000,0.000100,65.809998,-0.602633,-90.000000,false
30.980281,0.003000,0.003000,0.000100,63.919998,-0.605948,-90.000000,false
30.999595,0.003000,0.003000,0.000100,62.029999,-0.609400,-90.000000,false
31.019410,0.003000,0.003000,0.000100,60.090000,-0.612335,-90.000000,false
31.040567,0.003000,0.003000,0.000100,58.150002,-0.615404,-90.000000,false
31.059817,0.003000,0.003000,0.000100,52.049999,-0.584827,-90.000000,false
31.080417,0.003000,0.003000,0.000100,49.959999,-0.607005,-90.000000,false
31.100234,0.003000,0.003000,0.000100,47.830002,-0.608684,-90.000000,false
31.120473,0.003000,0.003000,0.000100,45.720001,-0.610598,-90.000000,false
31.140346,0.003000,0.003000,0.000100,43.590000,-0.612123,-90.000000,false
31.160712,0.003000,0.003000,0.000100,41.439999,-0.613459,-90.000000,false
31.180209,0.003000,0.003000,0.000100,34.880001,-0.579222,-90.000000,false
31.200057,0.003000,0.003000,0.000100,32.669998,-0.601702,-90.000000,false
31.220269,0.003000,0.003000,0.000100,30.469999,-0.602381,-90.000000,false
31.240370,0.003000,0.003000,0.000100,28.250000,-0.602716,-90.000000,false
31.260317,0.003000,0.003000,0.000100,26.070000,-0.603340,-90.000000,false
31.279616,0.003000,0.003000,0.000100,21.690001,-0.585901,-90.000000,false
31.300428,0.003000,0.003000,0.000100,19.490000,-0.596771,-90.000000,false
31.320134,0.003000,0.003000,0.000100,15.130000,-0.579198,-90.000000,false
31.340578,0.003000,0.003000,0.000100,12.950000,-0.589735,-90.000000,false
31.359470,0.003000,0.003000,0.000100,10.780000,-0.589322,-90.000000,false
31.380550,0.003000,0.003000,0.000100,8.630000,-0.588890,-90.000000,false
31.400755,0.003000,0.003000,0.000100,4.390000,-0.571383,-90.000000,false
31.419550,0.003000,0.003000,0.000100,2.300000,-0.581401,-90.000000,false
31.439576,0.003000,0.003000,0.000100,-1.920000,-0.563376,-90.000000,false
31.459389,0.003000,0.003000,0.000100,-3.980000,-0.573157,-90.000000,false
31.479987,0.003000,0.003000,0.000100,-6.010000,-0.572257,-90.000000,false
31.500459,0.003000,0.003000,0.000100,-10.060000,-0.554803,-90.000000,false
31.520620,0.003000,0.003000,0.000100,-12.020000,-0.564052,-90.000000,false
31.539475,0.003000,0.003000,0.000100,-14.010000,-0.562491,-90.000000,false
31.559363,0.003000,0.003000,0.000100,-15.960000,-0.561284,-90.000000,false
31.579332,0.003000,0.003000,0.000100,-19.770000,-0.544768,-90.000000,false
31.599381,0.003000,0.003000,0.000100,-21.639999,-0.552959,-90.000000,false
31.619356,0.003000,0.003000,0.000100,-25.389999,-0.536186,-90.000000,false
31.639471,0.003000,0.003000,0.000100,-27.200001,-0.544224,-90.000000,false
31.659426,0.003000,0.003000,0.000100,-28.980000,-0.542695,-90.000000,false
31.679556,0.003000,0.003000,0.000100,-30.750000,-0.540990,-90.000000,false
31.699384,0.003000,0.003000,0.000100,-34.130001,-0.526152,-90.000000,false
31.719486,0.003000,0.003000,0.000100,-37.410000,-0.519968,-90.000000,false
31.739359,0.003000,0.003000,0.000100,-39.029999,-0.526466,-90.000000,false
31.759477,0.003000,0.003000,0.000100,-40.630001,-0.524728,-90.000000,false
31.779331,0.003000,0.003000,0.000100,-42.189999,-0.523117,-90.000000,false
31.799397,0.003000,0.003000,0.000100,-43.700001,-0.521615,-90.000000,false
31.819415,0.003000,0.003000,0.000100,-45.189999,-0.519933,-90.000000,false
31.839790,0.003000,0.003000,0.000100,-49.509998,-0.495253,-90.000000,false
31.859352,0.003000,0.003000,0.000100,-50.919998,-0.507917,-90.000000,false
31.879501,0.003000,0.003000,0.000100,-52.299999,-0.506189,-90.000000,false
31.899500,0.003000,0.003000,0.000100,-53.630001,-0.504632,-90.000000,false
31.919461,0.003000,0.003000,0.000100,-54.939999,-0.502905,-90.000000,false
31.939485,0.003000,0.003000,0.000100,-56.209999,-0.501323,-90.000000,false
31.959382,0.003000,0.003000,0.000100,-59.900002,-0.479959,-90.000000,false
31.979386,0.003000,0.003000,0.000100,-61.070000,-0.490784,-90.000000,false
31.999493,0.003000,0.003000,0.000100,-62.240002,-0.488940,-90.000000,false
32.019467,0.003000,0.003000,0.000100,-63.360001,-0.487428,-90.000000,false
32.039362,0.003000,0.003000,0.000100,-64.440002,-0.485922,-90.000000,false
32.059451,0.003000,0.003000,0.000100,-66.519997,-0.476091,-90.000000,false
32.079557,0.003000,0.003000,0.000100,-68.500000,-0.479840,-90.000000,false
32.099480,0.003000,0.003000,0.000100,-69.480003,-0.470391,-90.000000,false
32.119566,0.003000,0.003000,0.000100,-70.410004,-0.473926,-90.000000,false
32.139934,0.003000,0.003000,0.000100,-71.339996,-0.472256,-90.000000,false
32.159323,0.003000,0.003000,0.000100,-72.220001,-0.470933,-90.000000,false
32.179419,0.003000,0.003000,0.000100,-73.879997,-0.463020,-90.000000,false
32.199741,0.003000,0.003000,0.000100,-74.650002,-0.466081,-90.000000,false
32.219649,0.003000,0.003000,0.000100,-76.169998,-0.458601,-90.000000,false
32.239385,0.003000,0.003000,0.000100,-76.900002,-0.461147,-90.000000,false
32.259526,0.003000,0.003000,0.000100,-77.610001,-0.459860,-90.000000,false
32.279357,0.003000,0.003000,0.000100,-78.989998,-0.453031,-90.000000,false
32.299516,0.003000,0.003000,0.000100,-79.629997,-0.455433,-90.000000,false
32.319335,0.003000,0.003000,0.000100,-80.250000,-0.454258,-90.000000,false
32.340007,0.003000,0.003000,0.000100,-81.459999,-0.453026,-90.000000,false
32.359403,0.003000,0.003000,0.000100,-82.050003,-0.447033,-90.000000,false
32.379610,0.003000,0.003000,0.000100,-83.160004,-0.444514,-90.000000,false
32.399349,0.003000,0.003000,0.000100,-83.690002,-0.446202,-90.000000,false
32.419361,0.003000,0.003000,0.000100,-84.209999,-0.445040,-90.000000,false
32.439651,0.003000,0.003000,0.000100,-84.699997,-0.444038,-90.000000,false
32.459537,0.003000,0.003000,0.000100,-85.169998,-0.443017,-90.000000,false
32.479339,0.003000,0.003000,0.000100,-86.070000,-0.438403,-90.000000,false
32.500025,0.003000,0.003000,0.000100,-86.949997,-0.436046,-90.000000,false
32.520041,0.003000,0.003000,0.000100,-87.370003,-0.437244,-90.000000,false
32.539637,0.003000,0.003000,0.000100,-87.790001,-0.436117,-90.000000,false
32.559607,0.003000,0.003000,0.000100,-88.199997,-0.435045,-90.000000,false
32.579478,0.003000,0.003000,0.000100,-88.589996,-0.434059,-90.000000,false
32.599915,0.003000,0.003000,0.000100,-89.309998,-0.430291,-90.000000,false
32.619477,0.003000,0.003000,0.000100,-90.019997,-0.428209,-90.000000,true
32.640285,0.003000,0.003000,0.000100,-90.349998,-0.429098,-90.000000,false
32.659544,0.003000,0.003000,0.000100,-90.650002,-0.428309,-90.000000,false
32.679692,0.003000,0.003000,0.000100,-90.919998,-0.427594,-90.000000,false
32.699876,0.003000,0.003000,0.000100,-91.180000,-0.426793,-90.000000,false
32.719504,0.003000,0.003000,0.000100,-91.449997,-0.425846,-90.000000,false
32.739538,0.003000,0.003000,0.000100,-92.110001,-0.421790,-90.000000,false
32.759460,0.003000,0.003000,0.000100,-92.309998,-0.423351,-90.000000,false
32.779494,0.003000,0.003000,0.000100,-92.500000,-0.422681,-90.000000,false
32.799525,0.003000,0.003000,0.000100,-92.680000,-0.422030,-90.000000,false
32.820042,0.003000,0.003000,0.000100,-92.849998,-0.421399,-90.000000,false
32.839765,0.003000,0.003000,0.000100,-93.160004,-0.419580,-90.000000,false
32.859838,0.003000,0.003000,0.000100,-93.440002,-0.419892,-90.000000,false
32.879531,0.003000,0.003000,0.000100,-93.570000,-0.418088,-90.000000,false
32.900566,0.003000,0.003000,0.000100,-93.660004,-0.418549,-90.000000,false
32.919369,0.003000,0.003000,0.000100,-93.750000,-0.418054,-90.000000,false
32.939686,0.003000,0.003000,0.000100,-93.930000,-0.416828,-90.000000,false
32.959423,0.003000,0.003000,0.000100,-94.010002,-0.416847,-90.000000,false
32.979982,0.003000,0.003000,0.000100,-94.080002,-0.416442,-90.000000,false
32.999772,0.003000,0.003000,0.000100,-94.220001,-0.415419,-90.000000,false
33.020695,0.003000,0.003000,0.000100,-94.269997,-0.415463,-90.000000,false
33.040007,0.003000,0.003000,0.000100,-94.389999,-0.414490,-90.000000,false
33.060387,0.003000,0.003000,0.000100,-94.449997,-0.414343,-90.000000,false
33.080399,0.003000,0.003000,0.000100,-94.500000,-0.413973,-90.000000,false
33.100604,0.003000,0.003000,0.000100,-94.559998,-0.413469,-90.000000,false
33.119735,0.003000,0.003000,0.000100,-94.620003,-0.413012,-90.000000,false
33.140595,0.003000,0.003000,0.000100,-94.660004,-0.412712,-90.000000,false
33.159935,0.003000,0.003000,0.000100,-94.730003,-0.412068,-90.000000,false
33.180578,0.003000,0.003000,0.000100,-94.769997,-0.411812,-90.000000,false
33.200100,0.003000,0.003000,0.000100,-94.790001,-0.411565,-90.000000,false
33.220239,0.003000,0.003000,0.000100,-94.820000,-0.411136,-90.000000,false
33.240313,0.003000,0.003000,0.000100,-94.860001,-0.410674,-90.000000,false
33.260762,0.003000,0.003000,0.000100,-94.970001,-0.409696,-90.000000,false
33.279363,0.003000,0.003000,0.000100,-95.000000,-0.409706,-90.000000,false
33.299452,0.003000,0.003000,0.000100,-95.000000,-0.409556,-90.000000,false
33.319444,0.003000,0.003000,0.000100,-95.000000,-0.409256,-90.000000,false
33.339349,0.003000,0.003000,0.000100,-95.000000,-0.408956,-90.000000,false
33.359575,0.003000,0.003000,0.000100,-95.000000,-0.408656,-90.000000,false
33.379459,0.003000,0.003000,0.000100,-95.000000,-0.408356,-90.000000,false
33.399482,0.003000,0.003000,0.000100,-95.010002,-0.407975,-90.000000,false
33.419570,0.003000,0.003000,0.000100,-95.000000,-0.407805,-90.000000,false
33.439365,0.003000,0.003000,0.000100,-95.010002,-0.407375,-90.000000,false
33.459501,0.003000,0.003000,0.000100,-95.010002,-0.407124,-90.000000,false
33.479393,0.003000,0.003000,0.000100,-95.010002,-0.406823,-90.000000,false
33.499464,0.003000,0.003000,0.000100,-95.010002,-0.406523,-90.000000,false
33.519371,0.003000,0.003000,0.000100,-95.010002,-0.406222,-90.000000,false
33.539345,0.003000,0.003000,0.000100,-95.019997,-0.405841,-90.000000,false
33.559517,0.003000,0.003000,0.000100,-95.019997,-0.405590,-90.000000,false
33.579344,0.003000,0.003000,0.000100,-95.019997,-0.405289,-90.000000,false
33.599474,0.003000,0.003000,0.000100,-95.019997,-0.404987,-90.000000,false
33.619475,0.003000,0.003000,0.000100,-95.019997,-0.404686,-90.000000,false
33.639393,0.003000,0.003000,0.000100,-95.019997,-0.404385,-90.000000,false
33.659384,0.003000,0.003000,0.000100,-95.019997,-0.404084,-90.000000,false
33.679504,0.003000,0.003000,0.000100,-95.019997,-0.403783,-90.000000,false
33.699475,0.003000,0.003000,0.000100,-95.019997,-0.403481,-90.000000,false
33.719317,0.003000,0.003000,0.000100,-95.029999,-0.403100,-90.000000,false
33.739344,0.003000,0.003000,0.000100,-95.019997,-0.402928,-90.000000,false
33.759501,0.003000,0.003000,0.000100,-95.029999,-0.402497,-90.000000,false
33.779651,0.003000,0.003000,0.000100,-95.029999,-0.402245,-90.000000,false
33.799340,0.003000,0.003000,0.000100,-95.029999,-0.401943,-90.000000,false
33.819411,0.003000,0.003000,0.000100,-95.029999,-0.401641,-90.000000,false
33.839357,0.003000,0.003000,0.000100,-95.029999,-0.401339,-90.000000,false
33.859430,0.003000,0.003000,0.000100,-95.029999,-0.401038,-90.000000,false
33.879405,0.003000,0.003000,0.000100,-95.029999,-0.400736,-90.000000,false
33.899349,0.003000,0.003000,0.000100,-95.029999,-0.400434,-90.000000,false
33.919381,0.003000,0.003000,0.000100,-95.040001,-0.400052,-90.000000,false
33.939451,0.003000,0.003000,0.000100,-95.040001,-0.399799,-90.000000,false
33.959493,0.003000,0.003000,0.000100,-95.040001,-0.399497,-90.000000,false
33.979399,0.003000,0.003000,0.000100,-95.040001,-0.399194,-90.000000,false
33.999437,0.003000,0.003000,0.000100,-95.040001,-0.398892,-90.000000,false
34.019462,0.003000,0.003000,0.000100,-95.040001,-0.398590,-90.000000,false
34.039383,0.003000,0.003000,0.000100,-95.040001,-0.398287,-90.000000,false
34.059304,0.003000,0.003000,0.000100,-95.040001,-0.397985,-90.000000,false
34.079437,0.003000,0.003000,0.000100,-95.040001,-0.397682,-90.000000,false
34.099409,0.003000,0.003000,0.000100,-95.040001,-0.397380,-90.000000,false
34.119535,0.003000,0.003000,0.000100,-95.040001,-0.397078,-90.000000,false
34.139350,0.003000,0.003000,0.000100,-95.040001,-0.396775,-90.000000,false
34.159514,0.003000,0.003000,0.000100,-95.040001,-0.396473,-90.000000,false
34.179628,0.003000,0.003000,0.000100,-95.040001,-0.396170,-90.000000,false
34.199755,0.003000,0.003000,0.000100,-95.040001,-0.395868,-90.000000,false
34.219919,0.003000,0.003000,0.000100,-95.040001,-0.395566,-90.000000,false
34.239433,0.003000,0.003000,0.000100,-95.040001,-0.395263,-90.000000,false
34.259507,0.003000,0.003000,0.000100,-95.040001,-0.394961,-90.000000,false
34.280358,0.003000,0.003000,0.000100,-95.040001,-0.394658,-90.000000,false
34.299817,0.003000,0.003000,0.000100,-95.040001,-0.394356,-90.000000,false
34.319467,0.003000,0.003000,0.000100,-95.040001,-0.394054,-90.000000,false
34.339490,0.003000,0.003000,0.000100,-95.040001,-0.393751,-90.000000,false
34.359531,0.003000,0.003000,0.000100,-95.040001,-0.393449,-90.000000,false
34.379597,0.003000,0.003000,0.000100,-95.040001,-0.393146,-90.000000,false
34.399568,0.003000,0.003000,0.000100,-95.040001,-0.392844,-90.000000,false
34.420192,0.003000,0.003000,0.000100,-95.040001,-0.392542,-90.000000,false
34.439552,0.003000,0.003000,0.000100,-95.040001,-0.392239,-90.000000,false
34.461164,0.003000,0.003000,0.000100,-95.040001,-0.391937,-90.000000,false
34.479590,0.003000,0.003000,0.000100,-95.040001,-0.391634,-90.000000,false
34.499570,0.003000,0.003000,0.000100,-95.050003,-0.391251,-90.000000,false
34.519949,0.003000,0.003000,0.000100,-95.050003,-0.390998,-90.000000,false
34.539576,0.003000,0.003000,0.000100,-95.050003,-0.390695,-90.000000,false
34.559546,0.003000,0.003000,0.000100,-95.050003,-0.390392,-90.000000,false
34.579582,0.003000,0.003000,0.000100,-95.050003,-0.390089,-90.000000,false
34.599574,0.003000,0.003000,0.000100,-95.050003,-0.389786,-90.000000,false
34.619492,0.003000,0.003000,0.000100,-95.050003,-0.389483,-90.000000,false
34.639370,0.003000,0.003000,0.000100,-95.050003,-0.389180,-90.000000,false
34.659509,0.003000,0.003000,0.000100,-95.050003,-0.388877,-90.000000,false
34.679875,0.003000,0.003000,0.000100,-95.050003,-0.388574,-90.000000,false
34.699540,0.003000,0.003000,0.000100,-95.050003,-0.388271,-90.000000,false
34.720502,0.003000,0.003000,0.000100,-95.050003,0.000000,-90.000000,false
34.739621,0.003000,0.003000,0.000100,-95.050003,0.000000,-90.000000,false
34.760583,0.003000,0.003000,0.000100,-95.050003,0.000000,-90.000000,false
34.780204,0.003000,0.003000,0.000100,-95.050003,0.000000,-90.000000,false
34.799357,0.003000,0.003000,0.000100,-95.029999,0.000000,-90.000000,false
34.819749,0.003000,0.003000,0.000100,-95.019997,0.000000,-90.000000,false
34.839381,0.003000,0.003000,0.000100,-95.029999,0.000000,-90.000000,false
34.860004,0.003000,0.003000,0.000100,-95.029999,0.000000,-90.000000,false
34.880365,0.003000,0.003000,0.000100,-95.029999,0.000000,-90.000000,false
34.899692,0.003000,0.003000,0.000100,-95.019997,0.000000,-90.000000,false
34.920189,0.003000,0.003000,0.000100,-95.029999,0.000000,-90.000000,false
34.939394,0.003000,0.003000,0.000100,-95.029999,0.000000,-90.000000,false
34.959819,0.003000,0.003000,0.000100,-95.029999,0.000000,-90.000000,false
34.980381,0.003000,0.003000,0.000100,-95.029999,0.000000,-90.000000,false
35.000593,0.003000,0.003000,0.000100,-95.029999,0.000000,-90.000000,false
35.019455,0.003000,0.003000,0.000100,-95.029999,0.000000,-90.000000,false
35.040321,0.003000,0.003000,0.000100,-95.029999,0.000000,-90.000000,false
35.059378,0.003000,0.003000,0.000100,-95.029999,0.000000,-90.000000,false
35.079464,0.003000,0.003000,0.000100,-95.029999,0.000000,-90.000000,false
35.099500,0.003000,0.003000,0.000100,-95.019997,0.000000,-90.000000,false
35.119440,0.003000,0.003000,0.000100,-95.019997,0.000000,-90.000000,false
35.139417,0.003000,0.003000,0.000100,-95.019997,0.000000,-90.000000,false
35.159401,0.003000,0.003000,0.000100,-95.019997,0.000000,-90.000000,false
35.179354,0.003000,0.003000,0.000100,-95.019997,0.000000,-90.000000,false
35.199349,0.003000,0.003000,0.000100,-95.019997,0.000000,-90.000000,false
35.219387,0.003000,0.003000,0.000100,-95.029999,0.000000,-90.000000,false
35.239337,0.003000,0.003000,0.000100,-95.029999,0.000000,-90.000000,false
35.259453,0.003000,0.003000,0.000100,-95.029999,0.000000,-90.000000,false
35.279363,0.003000,0.003000,0.000100,-95.029999,0.000000,-90.000000,false
35.299428,0.003000,0.003000,0.000100,-95.029999,0.000000,-90.000000,false
35.319420,0.003000,0.003000,0.000100,-95.029999,0.000000,-90.000000,false
35.339320,0.003000,0.003000,0.000100,-95.029999,0.000000,-90.000000,false
35.359373,0.003000,0.003000,0.000100,-95.029999,0.000000,-90.000000,false
35.379542,0.003000,0.003000,0.000100,-95.029999,0.000000,-90.000000,false
35.399461,0.003000,0.003000,0.000100,-95.029999,0.000000,-90.000000,false
35.419349,0.003000,0.003000,0.000100,-95.029999,0.000000,-90.000000,false
35.439504,0.003000,0.003000,0.000100,-95.029999,0.000000,-90.000000,false
35.459409,0.003000,0.003000,0.000100,-95.029999,0.000000,-90.000000,false
35.479607,0.003000,0.003000,0.000100,-95.029999,0.000000,-90.000000,false
35.499405,0.003000,0.003000,0.000100,-95.029999,0.000000,-90.000000,false
35.519348,0.003000,0.003000,0.000100,-95.029999,0.000000,-90.000000,false
35.539488,0.003000,0.003000,0.000100,-95.029999,0.000000,-90.000000,false
35.559598,0.003000,0.003000,0.000100,-95.029999,0.000000,-90.000000,false
35.579473,0.003000,0.003000,0.000100,-95.029999,0.000000,-90.000000,false
35.599468,0.003000,0.003000,0.000100,-95.029999,0.000000,-90.000000,false
35.619484,0.003000,0.003000,0.000100,-95.029999,0.000000,-90.000000,false
35.639459,0.003000,0.003000,0.000100,-95.040001,0.000000,-90.000000,false
35.659463,0.003000,0.003000,0.000100,-95.040001,0.000000,-90.000000,false
35.679354,0.003000,0.003000,0.000100,-95.040001,0.000000,-90.000000,false
35.699480,0.003000,0.003000,0.000100,-95.040001,0.000000,-90.000000,false
35.719352,0.003000,0.003000,0.000100,-95.040001,0.000000,-90.000000,false